station_id,charging_status,latitude,longtitude,address,zip_code,outlet_counts
167633,TRUE,47.04178372,-122.8259168,676 Woodland Square Loop SE,98503,4
167569,TRUE,47.67250678,-117.0835362,24021 E Mission Ave,99019,1
162252,TRUE,47.67570981,-117.4262711,1930 N Monroe St,99205,1
161937,TRUE,47.920163,-120.186618,4848 Green Avenue,98831,1
161735,TRUE,47.767687,-122.191482,19128 112th Avenue Ne,98011,1
161575,TRUE,47.97323243,-122.2007458,3331 broadway,98201,1
160958,TRUE,47.954719,-122.208416,4730 Colby Ave,98203,1
160957,TRUE,47.94656729,-124.3944043,390 Founders Way,98331,1
160955,TRUE,47.905376,-122.293871,10200 Mukilteo Speedway,98275,1
160952,TRUE,47.830463,-122.27525,3000 184th St SW,98037,1
160951,TRUE,47.828955,-122.271313,3000 184th St SW,98037,1
160950,TRUE,47.821996,-122.283946,3711 196th St SW,98036,1
160949,TRUE,47.8107,-122.2953427,20816 44th Ave W,98036,1
160948,TRUE,47.809773,-122.294603,20800 44th Ave W,98036,1
160945,TRUE,47.7133,-122.209,9926 NE 126th St,98034,1
160944,TRUE,47.711826,-122.194719,11010 NE 124th Lane,98034,1
160942,TRUE,47.682855,-122.289873,7340 35th Ave NE,98115,1
160941,TRUE,47.68138123,-122.2587509,Sportsfield Dr NE,98115,2
160940,TRUE,47.6807529,-122.4047949,7001 Seaview Avenue Northwest,98117,1
160939,TRUE,47.6269855,-122.3489912,805 4th Ave N,98109,1
160938,TRUE,47.622996,-122.123247,16240 NE 13th Place,98008,1
160937,TRUE,47.621913,-122.122271,16242 NE 13th Place,98008,1
160936,TRUE,47.6191033,-122.1271025,16000 NE 10th St,98008,1
160935,TRUE,47.617203,-122.340712,2250 7th Ave,98121,1
160934,TRUE,47.616737,-122.146188,14526 NE 7th Place,98007,1
160933,TRUE,47.613651,-122.3183251,1427 11th Avenue,98122,1
160931,TRUE,47.563916,-122.287666,4412 Rainier Ave,98118,1
160929,TRUE,47.51563,-122.34467,9800 8th Avenue SW,98106,1
160926,TRUE,47.483486,-122.194315,1850 Maple Valley Highway,98057,1
160925,TRUE,47.474597,-122.285655,3716 S 144th St,98168,1
160924,TRUE,47.470555,-122.346554,14656 Ambaum Blvd SW,98166,1
160923,TRUE,47.448013,-122.45897,9740 SW Bank Rd,98070,1
160922,TRUE,47.44118,-122.199398,17901 105th Place SE,98055,1
160920,TRUE,47.3986558,-122.2542232,22726 64th Ave S,98032,1
160919,TRUE,47.383298,-122.236183,"311 4th. Ave. N. Kent, Washington 98032",98032,3
160916,TRUE,47.358497,-122.112065,27130 172nd Ave SE,98042,1
160915,TRUE,47.357329,-122.301971,27314 24th Ave S.,98003,1
160914,TRUE,47.35506,-122.1668,27360 129th Place SE,98030,1
160912,TRUE,47.343242,-122.302305,28817 Military Rd,98003,1
160911,TRUE,47.3301442,-122.2225295,2605 Auburn Way N,98002,1
160909,TRUE,47.318046,-122.584772,6575 Kimball Dr,98335,1
160908,TRUE,47.228927,-122.497865,3510 S Mullen St,98409,1
160907,TRUE,47.1811124,-122.5657394,Sequoia St,98498,1
160906,TRUE,47.1772569,-122.5643075,9601 Steilacoom Blvd SW,98498,1
160905,TRUE,47.12852097,-119.2815857,312 W Third Ave.,98837,2
160904,TRUE,47.1269,-119.284584,312 W 3rd Ave,98837,3
160901,TRUE,47.050554,-122.902413,700 Capitol Way N,98501,1
160900,TRUE,47.03505,-122.901843,103 Sid Snyder Ave SW,98501,1
160854,TRUE,46.3343983,-119.269803,359 University Drive,99354,1
160849,TRUE,46.2707488,-118.1532507,128 Coppei Avenue,99361,1
160847,TRUE,46.266739,-119.303543,2700 Duportail St,99352,3
160844,TRUE,46.219978,-119.785172,40 Merlot Dr,99350,3
160843,TRUE,46.21937943,-119.7902603,40 Merlot Drive,99350,2
160833,TRUE,46.0459904,-118.3568298,1531 Kelly Place,99362,1
160832,TRUE,46.0427838,-118.3869759,625 S College Ave,99324,1
157706,TRUE,46.143261,-122.898533,207 Three Rivers Drive,98626,1
155652,TRUE,47.942921,-124.385236,100 Fern Hill Road,98331,1
155416,TRUE,46.952938,-122.935249,2430 93RD Avenue Southwest,98512,1
149465,TRUE,46.06255764,-118.3421546,401 W. Poplar St,99362,1
148975,TRUE,47.590147,-117.561816,10506 West Aero Road,99224,1
148919,TRUE,47.103808,-119.310556,2709 West Broadway Avenue,98837,1
146422,TRUE,47.468033,-121.716442,46600 Se North Bend Way,98045,1
146013,TRUE,48.8529235,-122.5895254,5828 2nd Ave,98248,1
146001,TRUE,48.7470747,-122.4807487,1100 Railroad Avenue,98225,1
146000,TRUE,48.74393,-122.461854,1030 Lakeway Dr,98229,2
145999,TRUE,48.7380794,-122.4693919,218 N Samish Way,98225,1
145998,TRUE,48.727084,-122.480753,2700 Bill McDonald Pkwy,98225,1
145992,TRUE,48.673466,-121.261467,500 Newhalem St,98283,1
145982,TRUE,48.599217,-122.945746,155 Orcas Hill Rd,98280,2
145976,TRUE,48.536489,-123.021351,530 Guard St,98250,1
145948,TRUE,48.443101,-122.316545,1901 Hoag Rd,98273,1
145947,TRUE,48.44174,-122.344757,2301 Freeway Dr.,98273,2
145945,TRUE,48.436423,-122.3088327,2405 E. College Way,98273,1
145923,TRUE,48.343203,-122.675002,3730 N Charles Porter Ave,98278,1
145920,TRUE,48.309216,-122.641266,33185 WA-20,98277,1
145906,TRUE,48.175138,-122.141401,19700 67th Ave NE,98223,1
145904,TRUE,48.1427337,-122.1837727,16120 Smokey Point Blvd,98271,1
145903,TRUE,48.139506,-122.184619,15714 Smokey Point Blvd,98271,1
145902,TRUE,48.119672,-123.431005,128 E Railroad Ave,98362,3
145900,TRUE,48.115251,-123.415521,939 Caroline Street,98362,1
145899,TRUE,48.10697,-122.779991,301 10th Street,98368,1
145892,TRUE,48.095461,-122.186896,10600 Quil Ceda Blvd.,98271,2
145891,TRUE,48.093002,-122.189789,10600 Quil Ceda Blvd,98271,3
145890,TRUE,48.0570862,-123.800045,416 Lake Crescent Road,98363,1
145889,TRUE,48.0553,-122.6957,Chimacum Rd,98339,2
145883,TRUE,48.0067833,-122.2027667,"2000 Tower St, Maintenance Bldg 105",98201,1
145881,TRUE,48.000496,-122.205936,1717 13th St,98201,1
145880,TRUE,48.0000028,-122.2146431,1028 13th Street,98201,1
145879,TRUE,47.999006,-122.205272,1800 14th St.,98201,1
145878,TRUE,47.998233,-122.100638,9601 Market Place,98258,3
145875,TRUE,47.97208,-122.200225,3402 McDougall Ave.,98201,1
145874,TRUE,47.96,-122.19,2000 W Marine View Dr,98201,2
145872,TRUE,47.9487555,-122.3062009,609 Front Street,98275,1
145871,TRUE,47.919531,-122.232309,8530 Evergreen Way,98204,1
145870,TRUE,47.913486,-122.213314,1605 SE Everett Mall Way,98208,2
145867,TRUE,47.893501,-122.256001,11400 Hwy. 99,98204,3
145866,TRUE,47.8834444,-122.2374825,12711 4th Ave W,98204,1
145864,TRUE,47.8789325,-122.2071316,13110 Bothell Everett Hwy,98208,1
145863,TRUE,47.865164,-121.973176,19191 N Kelsey Street,98272,3
145861,TRUE,47.848697,-122.246153,16423 Larch Way,98037,1
145860,TRUE,47.84839,-122.27274,2902 164th Street SW,98037,1
145855,TRUE,47.831991,-122.267332,18305 Alderwood Mall Pkwy,98037,3
145853,TRUE,47.828644,-122.310875,5711 188th St SW,98037,1
145850,TRUE,47.820568,-122.273567,3000 196th St SW,98036,2
145849,TRUE,47.8142359,-122.3016909,20311 52nd Avenue West,98036,1
145848,TRUE,47.8051107,-122.3813841,600 3rd Avenue South,98020,1
145847,TRUE,47.8045651,-122.1205486,8310 Maltby Road,98072,1
145846,TRUE,47.8040624,-122.3735496,100 6th Avenue,98020,1
145843,TRUE,47.776781,-122.181535,3830 Monte Villa Parkway,98021,1
145842,TRUE,47.771795,-122.1809892,19909 120th Ave NE,98011,1
145841,TRUE,47.761858,-122.19188,18140 Campus Way NE,98011,1
145840,TRUE,47.760178,-122.190581,18500 Campus Way NE,98011,1
145839,TRUE,47.756603,-122.345231,17524 Aurora Ave N,98133,1
145838,TRUE,47.7548511,-122.1556007,13780 NE 175th St,98072,1
145837,TRUE,47.75381088,-122.3465042,17001 Aurora Ave N,98133,2
145836,TRUE,47.75247955,-117.4108429,10503 N Division,99218,1
145835,TRUE,47.7466244,-122.6369159,20148 10th Ave. NE,98370,1
145834,TRUE,47.7463188,-121.089984,Stevens Pass Mountain Resort,98288,1
145833,TRUE,47.743364,-122.347816,15711 Aurora Ave N,98133,1
145832,TRUE,47.736632,-122.647204,19133 Jensen Way NE,98370,1
145831,TRUE,47.723689,-122.292383,13000 Lake City Way NE,98125,2
145830,TRUE,47.7199844,-122.3440925,12500 Aurora Avenue,98133,1
145829,TRUE,47.717847,-122.294307,12311 32nd Ave NE,98125,1
145828,TRUE,47.708482,-122.183522,12221 120th Ave NE,98034,2
145827,TRUE,47.708457,-122.324887,401 NE Northgate Way,98125,3
145826,TRUE,47.7047402,-122.2108592,11607 98th Ave NE,98034,1
145825,TRUE,47.704069,-122.167006,11605 132nd Ave NE,98034,1
145824,TRUE,47.703632,-122.3565066,211 N. 103rd ST,98133,1
145823,TRUE,47.7034052,-122.1537852,11431 Willows Road,98052,1
145822,TRUE,47.7033895,-122.3558363,10215 Greenwood Ave. North,98133,1
145821,TRUE,47.7033,-122.32519,401 NE Northgate Way,98125,3
145820,TRUE,47.70224,-122.624811,611 Dowell Rd,98345,1
145819,TRUE,47.701879,-122.343086,10006 Aurora Ave N,98133,1
145818,TRUE,47.6992271,-122.3346258,9600 College Way N,98103,2
145817,TRUE,47.682585,-122.317187,7300 Roosevelt Way NE,98115,1
145814,TRUE,47.67881,-122.17536,12405 NE 85th St,98033,1
145813,TRUE,47.6780547,-122.3141185,1205 NE 66th ST,98115,1
145812,TRUE,47.677868,-122.19936,321 Park Pl,98033,1
145811,TRUE,47.6755563,-122.2073834,52 Kirkland Ave,98033,1
145810,TRUE,47.675378,-117.206738,15015  E Indiana Ave,99216,1
145809,TRUE,47.674374,-122.127167,16015 Cleveland St,98052,1
145808,TRUE,47.674027,-122.103001,17770 NE 78th Pl,98053,1
145807,TRUE,47.67269897,-117.1000595,1620 N Signal Dr,99019,1
145806,TRUE,47.670707,-122.103973,17667 NE 76TH ST,98052,1
145804,TRUE,47.6689554,-122.3888077,2428 NW Market St,98107,1
145803,TRUE,47.6680506,-117.4063003,302 E Boone Ave,99202,1
145802,TRUE,47.66802979,-117.1837921,"16418 E Indiana,",99216,1
145801,TRUE,47.6674691,-117.1493042,19011 E Cataldo Ave,99016,2
145800,TRUE,47.6665847,-122.0991426,18005 Northeast 68th Street,98052,1
145799,TRUE,47.6654703,-122.3502919,750 N 50th St,98103,2
145798,TRUE,47.663497,-122.30069,2520 NE University Village St,98105,1
145797,TRUE,47.66310501,-117.4004898,721 N Cincinnati,99201,2
145796,TRUE,47.662343,-122.370015,907 NW Ballard Way,98107,1
145795,TRUE,47.662197,-117.431889,500 N Cedar St,99201,3
145794,TRUE,47.659948,-117.423395,777 W. Spokane Falls Blvd,99201,1
145792,TRUE,47.658808,-122.688751,10315 Silverdale Way NW,98383,1
145791,TRUE,47.658557,-122.312143,1414 NE 42nd Street,98105,1
145790,TRUE,47.658,-122.712,1035 Trident Blvd,98315,1
145789,TRUE,47.65753,-122.206519,3000 Carillon Point,98033,1
145787,TRUE,47.656979,-122.692138,10315 Silverdale Way NW,98383,1
145786,TRUE,47.65588111,-122.3827633,4005 20th Avenue West,98199,1
145784,TRUE,47.655327,-122.205254,5000 Carillon Point,98033,1
145781,TRUE,47.652505,-122.694367,3909 NW Randall Way,98383,2
145780,TRUE,47.649189,-117.412879,101 W 8th Ave,99204,1
145778,TRUE,47.6439379,-122.1965663,S Kirkland P&R,98033,1
145777,TRUE,47.6357914,-122.5148321,1315 Wintergreen Lane NE,98110,1
145776,TRUE,47.6356394,-122.7238278,"5455 NW Newberry Hill Rd., #201",98383,1
145775,TRUE,47.633992,-122.339684,1700 Westlake Ave N,98109,1
145774,TRUE,47.633041,-122.136031,2580 152nd Avenue NE,98052,1
145773,TRUE,47.630585,-122.15664,2301 140th Ave NE,98005,1
145772,TRUE,47.628786,-122.34272,1101 Dexter Ave N,98109,1
145771,TRUE,47.628472,-122.205736,2088 Bellevue Square,98004,1
145770,TRUE,47.628428,-122.143153,2041 148TH NE,98007,1
145769,TRUE,47.6283848,-122.3418983,1000 Dexter Avenue North,98109,1
145768,TRUE,47.6274037,-122.1578742,1805-1999 136th Pl NE,98005,1
145767,TRUE,47.6266892,-122.341933,"810 Dexter Ave., North",98109,1
145766,TRUE,47.626541,-122.155852,13817 NE 20th St,98005,2
145765,TRUE,47.626531,-122.329993,"825 Eastlake Ave E, LA-104",98109,1
145764,TRUE,47.6249212,-122.5193398,232-240 Winslow Way E,98110,1
145763,TRUE,47.6246042,-122.3593182,200 West Mercer Street,98119,1
145762,TRUE,47.62419,-122.5175091,343 Winslow Way E,98110,1
145761,TRUE,47.62289,-122.185723,1231 116th Ave NE,98004,1
145760,TRUE,47.622046,-122.321607,401 Broadway E,98102,1
145759,TRUE,47.6207931,-122.1924689,11101 NE 12th St,98004,1
145758,TRUE,47.620663,-122.329521,222 Yale Ave N,98109,3
145756,TRUE,47.619989,-122.190555,1100 112th Ave NE,98004,1
145755,TRUE,47.619775,-122.331111,221 Yale Ave N,98109,1
145754,TRUE,47.619075,-122.359573,101 Elliott Avenue West,98121,1
145753,TRUE,47.617712,-122.337994,2200 Westlake Ave,98121,1
145752,TRUE,47.6166344,-122.3495259,225 Cedar Street,98121,1
145751,TRUE,47.6154894,-122.3110069,1600 East Madison Street,98122,1
145750,TRUE,47.614102,-122.034147,510 228th Ave NE,98074,1
145748,TRUE,47.613457,-122.321919,1406 Harvard Ave,98122,2
145747,TRUE,47.612834,-122.178704,330 120th Ave NE,98005,1
145746,TRUE,47.611815,-122.178134,150 120th Ave NE,98005,1
145745,TRUE,47.6116369,-122.2105964,9899 Lake Washington Blvd NE,98004,1
145744,TRUE,47.611519,-122.182197,"11900 NE 1st Street, Building G",98007,1
145743,TRUE,47.611502,-122.201257,110 Bellevue Way NE,98004,1
145741,TRUE,47.6113722,-122.343703,2025 1st Avenue,98121,1
145740,TRUE,47.609162,-122.326222,1012 Terry Ave,98101,1
145739,TRUE,47.60636,-122.321639,515 Minor Ave,98104,1
145738,TRUE,47.605477,-122.323427,908 Jefferson,98104,1
145737,TRUE,47.604115,-122.332907,214 Columbia St,98104,1
145736,TRUE,47.6039634,-122.3241159,325 9th Avenue,98104,1
145735,TRUE,47.603663,-122.320148,207 Boren Ave,98109,1
145734,TRUE,47.6034418,-122.3339101,719 Second Ave,98104,1
145733,TRUE,47.602677,-122.327402,415 6th Ave S,98104,1
145731,TRUE,47.59878,-122.330837,201 S Jackson St,98104,1
145730,TRUE,47.5987016,-122.3351902,450 Alaskan Way,98104,1
145729,TRUE,47.597953,-122.333068,530 Occidental Ave S,98104,1
145728,TRUE,47.5976,-122.142,1424 148th Ave SE,98007,1
145727,TRUE,47.5974244,-122.3347174,505 1st Avenue South,98104,1
145726,TRUE,47.5953921,-122.3115066,807 Rainier Ave S,98144,1
145724,TRUE,47.5892477,-122.3358112,1531 Utah Avenue South,98134,1
145723,TRUE,47.5881215,-122.2372058,2430 76th Ave SE,98040,1
145722,TRUE,47.59011676,-117.5655571,10810 W Westbow Rd,99224,1
145721,TRUE,47.585655,-122.147284,3000 Landerholm Cir SE,98007,1
145720,TRUE,47.58495,-122.15043,3036 Snoqualmie River Road,98005,2
145719,TRUE,47.584831,-122.235771,2755 77th Ave SE,98040,2
145718,TRUE,47.584564,-122.13685,15325 SE 30th Pl,98007,1
145717,TRUE,47.583103,-122.033895,3016 Issaquah-Pine Lake Rd SE,98075,1
145716,TRUE,47.580655,-122.143364,14762 SE Eastgate Way,98007,1
145715,TRUE,47.5806355,-122.1564536,13810 Southeast Eastgate Way,98005,1
145714,TRUE,47.579872,-122.135431,3245 158th Ave SE,98008,1
145713,TRUE,47.575355,-122.634233,1600 Chester Ave,98337,1
145711,TRUE,47.5713857,-122.1648077,13180 SE Newport Way,98006,1
145710,TRUE,47.571235,-122.327878,409 South Spokane Street,98134,3
145708,TRUE,47.56825,-122.66705,3929 Kitsap Way,98312,2
145707,TRUE,47.567585,-122.640714,1546 6th St,98337,1
145706,TRUE,47.563229,-122.646326,120 S Dewey St,98315,2
145702,TRUE,47.55761736,-122.3311812,210 South Hudson Street,98134,1
145701,TRUE,47.55,-122.64,1400 Farragut Ave,98314,2
145700,TRUE,47.5450748,-122.0089108,1460 NE Hawthorne Street,98029,1
145697,TRUE,47.542153,-121.836634,6501 Railroad Avenue SE,98065,1
145696,TRUE,47.541874,-122.052032,755 NW Gillman Blvd.,98027,3
145695,TRUE,47.5373611,-122.6389133,614 Divison Street,98366,1
145694,TRUE,47.5368996,-122.3034973,7277 Perimeter Road King County Airport Acrd,98108,1
145693,TRUE,47.5365604,-122.0205442,"580 8th Ave., NE",98029,1
145692,TRUE,47.536237,-122.0220539,751 N.E. Blakely Drive,98027,1
145691,TRUE,47.5349155,-122.0375524,485 Rainier Blvd N,98027,1
145690,TRUE,47.5326,-121.87315,35018 SE Ridge Street,98065,1
145687,TRUE,47.522914,-122.393658,9105 Fauntleroy Way SW,98136,1
145681,TRUE,47.502354,-122.34112,11195 5th Ave SW,98146,1
145680,TRUE,47.497292,-122.199295,1215 N Landing Way,98057,3
145679,TRUE,47.491288,-121.793559,461 S. Fork Avenue,98045,2
145678,TRUE,47.490084,-122.17574,3000 NE 4th St,98056,1
145676,TRUE,47.481246,-122.20848,655 South 2nd St,98057,1
145675,TRUE,47.477362,-122.215347,440 Rainier Ave South,98057,1
145674,TRUE,47.474171,-122.224102,550 SW 7th St,98057,1
145673,TRUE,47.465555,-123.850735,345 S Shore Rd,98575,1
145672,TRUE,47.4654,-122.220917,1601 East Valley Rd,98057,1
145671,TRUE,47.4611115,-122.242316,Longacres Way,98188,1
145669,TRUE,47.459988,-122.259089,500 Southcenter Mall,98188,1
145668,TRUE,47.455854,-122.232867,1200 SW 27th St,98057,1
145667,TRUE,47.455711,-122.25738,301 Strander Blvd.,98188,2
145666,TRUE,47.451709,-122.295497,16826 International Blvd,98188,1
145665,TRUE,47.451373,-122.826865,23730 NE HWY  3,98528,1
145664,TRUE,47.450258,-122.299448,2623 S 170th St,98188,2
145663,TRUE,47.44897,-122.25331,700 Andover Park W,98188,1
145662,TRUE,47.4463797,-122.2196648,3715 E Valley Rd,98057,1
145661,TRUE,47.44299,-122.227169,601 SW 41st St,98057,1
145654,TRUE,47.3951507,-122.2953153,23003 Pacific Highway South,98198,1
145653,TRUE,47.389484,-122.301609,2400 S 240th St,98198,1
145652,TRUE,47.3839447,-122.2336529,301-383 1st Ave N,98032,1
145651,TRUE,47.380135,-122.196106,10828 SE 248th St,98030,1
145648,TRUE,47.362455,-122.017988,26520 Maple Valley Black Diamond Road SE,98038,1
145647,TRUE,47.360982,-122.110209,17432 SE 270th PL,98042,3
145646,TRUE,47.356087,-122.101311,18025 SE 272nd St,98042,1
145642,TRUE,47.3207,-122.219776,1416 HARVEY RD,98002,2
145640,TRUE,47.315392,-122.307147,2016 S 320th St,98003,1
145639,TRUE,47.307249,-122.229499,2 East Main Street,98001,1
145638,TRUE,47.301047,-122.214835,1103 Ninth Avenue SE,98002,1
145637,TRUE,47.29815874,-122.5034184,5005 Main Street,98407,1
145636,TRUE,47.2968474,-122.3814568,34008 Hoyt Rd. SW,98023,2
145635,TRUE,47.2944668,-122.2458311,1102 15th Street Southwest,98001,1
145634,TRUE,47.293216,-122.212814,1701 Auburn Way S,98002,2
145633,TRUE,47.2909636,-122.1953885,2402 Auburn Way,98002,1
145632,TRUE,47.281263,-122.516582,3540 N Pearl St,98407,1
145631,TRUE,47.25914,-122.514596,1015 N Pearl St,98406,1
145630,TRUE,47.2516554,-122.4376564,1301 Pacific Ave,98402,1
145629,TRUE,47.249586,-122.452844,1314 S L St,98405,1
145628,TRUE,47.2464713,-122.4396442,1717 Market Street,98402,1
145627,TRUE,47.245269,-122.206909,1502 Lake Tapps Parkway SE,98092,2
145626,TRUE,47.2442292,-122.4388691,1901 Jefferson Ave,98402,1
145625,TRUE,47.24293,-122.39677,2302 Pacific Hwy E,98424,1
145624,TRUE,47.24198,-122.348098,6006 Pacific Highway East,98424,2
145623,TRUE,47.239472,-122.480252,1965 S Union Ave.,98405,3
145622,TRUE,47.239188,-122.374558,4011 20th St E,98424,2
145621,TRUE,47.23467255,-117.3700638,E 6th St,99170,3
145619,TRUE,47.21543,-122.47068,4502 S Steele St,98409,3
145617,TRUE,47.20663834,-122.2922287,111 Valley Ave NE,98372,2
145616,TRUE,47.204923,-122.288245,516 Valley Avenue NE,98372,1
145615,TRUE,47.203981,-122.237313,1099 Wood Ave,98390,1
145613,TRUE,47.19060898,-122.4844208,7230 S Tacoma Way,98409,2
145612,TRUE,47.184778,-122.29331,110 9th Ave SW,98371,1
145611,TRUE,47.182515,-122.291956,10th Ave SE,98371,1
145609,TRUE,47.1727264,-122.5984377,207 Wilkes Street,98388,1
145608,TRUE,47.1531991,-122.5040231,11509 Bridgeport Way SW,98499,1
145607,TRUE,47.1450982,-122.4387415,508 122nd St S,98447,1
145606,TRUE,47.119482,-118.362709,1611 Smittys Blvd.,99169,2
145605,TRUE,47.1169681,-122.5685433,Quartermaster Rd,98498,1
145604,TRUE,47.0987868,-122.374551,17404 44th Avenue East,98446,1
145603,TRUE,47.097647,-119.984624,344 Silica Rd NW,98848,1
145602,TRUE,47.093942,-122.6260623,100 Barksdale Avenue,98327,1
145601,TRUE,47.0920691,-122.6422247,975 Ross Avenue,98327,1
145599,TRUE,47.071917,-122.976675,2700 Evergreen Pkwy NW,98505,2
145598,TRUE,47.069827,-122.773312,2555 Marvin Rd NE,98516,1
145596,TRUE,47.0616742,-122.7708595,8000 Freedom Ln NE,98516,1
145595,TRUE,47.059659,-122.77201,1401 Galaxy Dr. NE,98516,2
145594,TRUE,47.056464,-122.754372,211 Hoh Street Southeast,98516,1
145592,TRUE,47.052857,-122.84707,413 Lilly Road NE,98506,1
145591,TRUE,47.0479529,-122.8986776,500 Adams St NE,98501,2
145590,TRUE,47.0474918,-122.9395438,3010 Harrison Ave NW,98502,1
145589,TRUE,47.04679,-122.80809,300 Desmond Dr SE,98516,1
145588,TRUE,47.044572,-122.836183,651 Sleater Kinney Rd SE,98503,1
145586,TRUE,47.042021,-122.938312,625 Black Lake Blvd,98502,1
145585,TRUE,47.040004,-122.901951,128 SW 10th Ave,98501,1
145584,TRUE,47.038249,-122.89884,208 11th Ave SE,98501,1
145582,TRUE,47.035854,-122.894952,505 14th Ave SE,98501,1
145581,TRUE,47.027591,-122.920591,2404 Heritage Court SW,98502,1
145579,TRUE,47.023179,-122.922337,1520 Irving St SW,98512,1
145577,TRUE,47.0002897,-122.6682861,12819 Yelm Hwy SE,98513,1
145576,TRUE,47.0001351,-122.8280101,4501 Intelco Loop SE,98503,1
145575,TRUE,46.99353,-122.908081,6131 Capital Blvd SW,98501,2
145571,TRUE,46.978901,-120.543425,1406 Canyon Road,98926,2
145569,TRUE,46.971813,-122.888172,8005 River Dr.,98501,1
145492,TRUE,46.7867515,-121.7337654,Paradise Inn,98368,1
145484,TRUE,46.755816,-122.120894,55210 238th Ave E,98304,1
145481,TRUE,46.750241,-121.812778,47015 Paradise Rd E,98304,1
145480,TRUE,46.749419,-121.8134089,47009 Paradise Rd E,98304,1
145477,TRUE,46.7323937,-117.1643737,Terrell Parking Garage Cougar Way,99163,1
145474,TRUE,46.7300662,-117.1690861,305 NE Spokane Street,99163,1
145473,TRUE,46.7296753,-117.1613929,Smith Center Parking Garage Stadium Way,99163,1
145468,TRUE,46.7153349,-122.96069,600 Centralia College Blvd.,98531,1
145466,TRUE,46.710251,-122.986879,914 S Scheuber Road,98531,1
145461,TRUE,46.67925,-122.975256,1701 NW Louisiana Ave,98532,3
145452,TRUE,46.66012573,-118.8611832,"138â€“306 S Columbia Ave, Connell, WA 99326, United States",99326,2
145444,TRUE,46.60415,-120.502966,17 N 3rd St,98901,1
145443,TRUE,46.60252,-120.47924,1600 East Chestnut Ave.,98901,2
145430,TRUE,46.489666,-120.407303,420 Windy Point Dr,98951,1
145406,TRUE,46.3455914,-124.060608,409 Sid Snyder Dr.,98631,1
145387,TRUE,46.229119,-119.106522,1411 W Clark,99301,1
145376,TRUE,46.195494,-119.265577,10799 Ridgeline Dr.,99338,2
145365,TRUE,46.139875,-122.901263,351 Three Rivers Dr.,98626,2
145363,TRUE,46.131351,-122.935973,961 12th Ave,98632,1
134792,TRUE,48.937845,-122.667679,8115 Birch Bay Square,98230,1
134649,TRUE,47.29800383,-122.2484622,1101 Outlet Collection Way,98092,1
133956,TRUE,48.07990384,-123.0974858,150 N. Govan Ave.,98382,1
133396,TRUE,47.589123,-120.672887,505 Hwy 2,98826,1
131386,TRUE,46.495156,-120.4206332,420 Windy Point DR,98951,1
131371,TRUE,47.610142,-122.331887,601 Union St,98101,1
130289,TRUE,47.610024,-122.332078,601 Union Street,98101,1
130256,TRUE,46.022244,-118.410638,28 Roland CT,99362,1
129508,TRUE,48.240444,-122.4555,818 N Sunrise BLVD,98282,1
128635,TRUE,46.014123,-118.310165,3853 Powerline RD,99362,1
127029,TRUE,46.0684299,-118.3302973,345 Boyer Ave,99362,1
126219,TRUE,47.54269978,-122.6373757,701 Frederick Ave,98366,1
121722,NA,48.7391984,-122.4851568,516 High Street (MS9114),98225,1
121718,NA,47.665596,-117.190123,15727 E Broadway Ave,99307,2
121717,NA,47.664665,-122.110232,17275 NE 67th Ct,98052,1
121716,NA,47.62812,-122.374907,1201 Amgen Court West,98119,1
121715,TRUE,47.61395524,-117.5035195,6510 W THORPE RD,99224,1
121713,NA,47.206448,-122.405625,1721 E 56th St,98404,1
121711,NA,46.7250165,-124.0206708,4112 State Route 105,98590,1
118404,TRUE,47.457152,-122.25163,223 Andover Park E,98188,1
117132,TRUE,47.609629,-122.333133,1325 6th Ave,98101,1
116527,NA,48.98807,-119.42111,299 Eastlake Rd,98844,1
116521,NA,47.886161,-120.162695,135 Wapato Wy,98831,1
116520,NA,47.7811507,-122.3457541,24015 84th Ave W,98026,2
116519,NA,47.769835,-122.148018,19501 144th Ave NE,98072,1
116518,NA,47.767847,-120.647931,19115 Chiwawa Loop Rd,98826,1
116517,NA,47.732964,-122.141228,14850 NE 145th St,98072,1
116516,NA,47.6861542,-122.1393931,15110 NE 95th St,98052,1
116515,TRUE,47.66704178,-117.1104507,21900 E Country Vista Dr,99019,1
116514,NA,47.66269302,-117.3466873,602 N. Havana,99202,1
116513,NA,46.585064,-120.545954,2708 W. Nob Hill Boulevard,98902,1
116512,NA,47.647793,-122.406511,3038 39th Ave W,98199,1
116510,NA,47.636676,-122.14,14700 NE 29th Pl,98007,1
116508,NA,47.6078691,-122.3196562,600 Broadway,98122,1
116507,NA,47.5823364,-122.1586436,13800 SE 32nd St,98005,1
116504,NA,47.5782552,-122.1713698,3545 Factoria Blvd SE,98006,1
116503,NA,47.552479,-120.683708,7375 Icicle Rd,98826,1
116502,NA,47.544345,-122.041774,1301 4th Ave NW,98027,1
116499,NA,47.516794,-121.840364,37500 SE N Bend Wy,98065,1
116497,,47.467463,-120.336918,148 Easy St,98801,2
116496,NA,47.1867046,-122.4851723,7802 S Tacoma Way,98499,1
116495,NA,47.17594,-122.506561,4500 Steilacoom Blvd SW,98499,1
116494,NA,47.065724,-122.792317,6655 Britton Parkway NE,98516,1
116490,NA,46.798296,-123.012246,19947 Old Highway 99 SW,98579,1
116488,NA,46.604239,-120.481583,1600 E Yakima Ave,98901,2
116481,NA,46.085975,-118.278024,760 C St,99362,1
115231,TRUE,46.31017,-117.99763,700 Artisan Wy,99328,1
114177,TRUE,47.189262,-120.902714,811 Wa-970,98922,1
114095,TRUE,47.661523,-122.324913,324 Ne 45th St,98105,1
113598,NA,48.479357,-120.186033,100 Riverside Ave,98862,1
113591,NA,47.7669206,-122.1919406,19121 112th Ave NE,98011,1
113590,NA,47.766732,-122.209275,9834 NE 190th Street,98011,1
113589,NA,47.759665,-122.250898,6704 NE 181st Street,98028,1
113588,NA,47.7132239,-122.2984152,11536 Lake City Way NE,98125,2
113586,NA,47.650328,-122.307574,1959 NE Pacific St,98195,1
113583,NA,47.554698,-122.046539,5150 220th Ave SE,98029,1
113582,TRUE,47.548071,-122.039957,6100 E Lake Sammamish Pkwy SE,98029,1
113581,NA,47.320954,-122.13822,31001 144th Ave SE,98042,1
113173,TRUE,48.4352786,-122.5797305,14362 Jura Ln,98221,1
112826,TRUE,47.66336368,-122.1039859,17725 NE 65th,98052,1
112603,NA,47.5403588,-122.0200254,1355 Highlands Dr NE,98029,1
112206,NA,48.893943,-122.2804609,3825 Cabrant Rd,98247,1
112192,NA,48.7885917,-122.5060156,4040 Northwest Avenue,98226,1
112099,NA,47.96937,-123.86338,12076 Sol Duc Hot Springs Rd,98363,1
112098,NA,47.94371033,-117.4774551,1100 S Main,99006,1
112090,NA,47.7989009,-122.3025001,21975 52nd Ave W,98043,1
112089,NA,47.796905,-122.1947911,22213 30th Drive SE,98021,1
112086,NA,47.78688049,-117.3540726,3812 E Highland Rd,99021,1
112085,NA,47.776288,-117.547208,9711 W Charles Road,99026,1
112084,NA,47.773663,-122.181478,20111 120th Ave NE,98011,1
112083,NA,47.768802,-117.401944,438 E Hasting Rd.,99218,3
112082,NA,47.753088,-117.419316,300 W Hawthorne Rd,99251,1
112081,NA,47.74051285,-117.4138565,9107 N Country Homes Blvd,99208,1
112079,NA,47.71247482,-117.4089203,6001 N MAYFAIR,99208,1
112078,NA,47.700624,-117.425573,4616 N Monroe St,99205,1
112077,NA,47.700101,-122.32406,9800 4th Ave NE,98115,2
112072,NA,47.67857742,-117.3231888,6021 E Mansfield,99212,1
112071,NA,47.675721,-117.460599,3410 W Fort George Wright Dr,99224,1
112070,NA,47.67480087,-117.0958176,22924 East Apple Way Ave,99019,1
112069,NA,47.674605,-117.363546,1810 N Greene BLDG 8,99217,1
112068,NA,47.67449,-117.091822,2111 N Molter Rd,99019,1
112067,NA,47.6720047,-117.3862228,1601 E Mission Ave.,99216,1
112065,NA,47.6703323,-122.3536061,601 N 59th St,98103,1
112064,TRUE,47.67166997,-117.1029918,1421 N Meadowwood Ln,99019,1
112063,NA,47.67087555,-117.1763687,17016 E Indiana Ave,99016,1
112062,TRUE,47.67055679,-117.1031858,E. Mission Ave,99019,3
112061,NA,47.669752,-117.416056,1330 N. Washington St,99201,1
112060,NA,47.66566467,-117.4145584,217 W CATALDO,99201,1
112059,NA,47.66191101,-117.4052353,412 E. SPOKANE BLVD,99210,1
112058,NA,47.65875244,-117.3690567,2800 EAST MAIN AVE,99202,1
112056,NA,47.653614,-117.4301786,1208 W 3rd Ave,99201,1
112055,NA,47.6463623,-117.4267197,926 S Monroe,99204,1
112053,NA,47.64268494,-117.4718323,1405 S RUSTLE RD,99224,1
112052,TRUE,47.64227974,-117.5609562,10811 Highway 2,99224,1
112049,NA,47.62971497,-117.5357285,2726 Flint RD,99224,1
112048,NA,47.62818527,-117.2272568,13211 E 32nd Ave,99216,1
112046,NA,47.62604523,-117.4014664,3103 S Grand Blvd,99203,1
112044,NA,47.61763,-122.1334381,805 156th NE,98007,1
112043,NA,47.615406,-122.179559,616 120th Aveneue NE,98005,1
112042,NA,47.6055171,-124.3715566,157151 Hwy 101,98331,1
112037,TRUE,47.59015053,-117.5655895,10810 W Westbow Rd,99224,2
112036,NA,47.579971,-122.312333,2535 16th Ave S,98144,2
112035,NA,47.57162094,-117.6815491,210 S BROAD ST,99022,1
112017,NA,47.47425,-122.233827,620 Naches Ave SW,98057,1
112016,NA,47.4715464,-122.2320023,923 Powell Ave SW,98057,1
112009,NA,47.3866016,-122.1020244,24012 180th Ave SE,98042,1
112001,NA,47.234898,-122.429536,2702 E D St,98421,3
111999,NA,47.195359,-124.196082,169 Blackberry St,98356,1
111998,NA,47.15607834,-117.3644485,1171 Baired Rd,99170,1
111997,NA,47.10579,-122.539,McKinley Ave & Garfield St,98433,1
111993,TRUE,47.040284,-124.158504,78 SR 115,98569,1
111991,NA,47.01108932,-122.8960571,3939 Cleveland Ave.,98501,1
111990,NA,47.00917816,-117.1445084,405 W California,99130,1
111985,NA,46.966703,-123.80172,300 S Boone St,98520,1
111953,NA,46.7297336,-117.1563327,2000 Grimes Way,99164,1
111952,NA,46.728904,-117.176165,150 E Spring St.,99163,3
111947,NA,46.677105,-120.478546,51 Firing Center Rd,98901,3
111912,NA,46.42615509,-117.0549469,849 Port Way,99403,1
111908,NA,46.40197372,-117.0447083,1443 TERRACE DR,99403,1
111873,NA,46.241729,-119.124176,2411 W Court St,99301,3
111865,NA,46.181372,-119.184406,2901 Southridge Blvd,99337,3
111864,NA,46.179735,-119.188128,2921 Southridge Blvd,99336,3
111851,NA,46.0705799,-118.3306351,147 South Park Street,99362,1
109587,TRUE,47.884887,-120.156959,135 Wapato Wy,98831,1
109414,TRUE,47.598476,-120.656055,1329 Us-2,98826,1
109181,TRUE,47.551769,-120.680327,7375 Icicle RD,98826,1
108666,TRUE,47.6051414,-122.5328157,4450 Blakely Avenue,98110,1
108592,TRUE,48.54561535,-117.9054714,224-B N Main St,99114,1
106190,NA,48.938283,-119.436456,1320 Main St,98844,1
106188,NA,47.883847,-120.154608,25 Wapato Way,98831,1
106187,NA,47.7725,-122.3315,2326 North 197th Place,98113,1
106186,NA,47.637692,-122.5135823,1329 Wintergreen Lane Northeast,98110,1
106185,NA,47.547708,-122.3527083,6000 16th Ave SW,98106,2
106184,NA,47.39125,-119.483647,334 Daisy St N,98851,1
106183,NA,47.359935,-122.103668,17700 SE 272nd Street,98042,1
104788,TRUE,47.305772,-122.579191,5268 Point Fosdick DR NW,98335,1
104024,TRUE,46.604039,-120.494574,802 E Yakima Ave,98901,1
103793,TRUE,46.202588,-123.384133,69 Main St,98612,1
103383,NA,48.692979,-122.904798,112 Haven Rd,98245,1
103382,NA,48.648792,-122.868418,410 Ocean Mist Way,98245,1
103381,NA,48.641279,-122.781015,107 Doe Bay Rd,98279,1
103379,NA,48.561173,-123.164341,16 Sweet Earth Ln,98250,1
103378,NA,48.530774,-122.914874,25 Tuatara Rd,98261,1
103377,NA,48.521863,-122.909571,2225 Fisherman Bay Rd,98261,1
103376,NA,48.514655,-123.028884,322 Daniel Ln,98250,1
103375,NA,48.457448,-122.335866,448 Fashion Way,98233,2
103374,NA,48.050182,-122.819019,63 Four Corners Rd,98368,1
103372,NA,47.769184,-122.37546,1408 NW Richmond Beach Road,98177,1
103371,NA,47.767496,-122.155194,19211 Woodinville Snohomish Rd,98072,1
103370,NA,47.748101,-122.361178,16101 Greenwood Ave N,98133,1
103365,NA,47.6186971,-122.3523486,200 Denny Way,98109,2
103364,NA,47.6155533,-122.3228502,1609 Harvard Ave,98122,2
103363,NA,47.587,-122.1593558,13545 SE 26th St,98005,1
103362,NA,47.5786138,-122.1652907,3625 132nd Avenue Southeast,98006,1
103361,NA,47.5766937,-122.1671315,12920 Southeast 38th Street,98006,1
103360,NA,47.54894,-122.04991,999 Lake Dr,98027,1
103359,NA,47.5419455,-122.3243279,6701 Corson Ave S,98108,3
103358,NA,47.374141,-123.155375,21971 N US Highway 101,98584,1
103356,NA,47.255854,-122.44172,747 Market St,98402,1
103355,NA,47.24745539,-122.200549,6821 Udall Place Southeast,98092,1
103353,NA,47.0972315,-122.4016275,17520 22nd Ave East,98387,1
101436,TRUE,47.51865,-121.841773,37500 Se N Bend Wy,98065,1
101218,TRUE,47.612347,-122.334168,1531 7th Ave,98101,1
101159,TRUE,47.842476,-120.098099,565 S Lakeshore DR,98816,1
99748,TRUE,47.896557,-120.132386,300 Ivan Morse RD,98831,1
99601,TRUE,47.846714,-122.271389,2902 164th Street Southwest,98087,1
97157,NA,48.178637,-122.12541,20227 77th Ave NE,98223,1
97156,NA,47.6682011,-117.3972138,821 E Boone Ave,99202,1
97152,NA,47.3393418,-122.5903137,8828-8844 N Harborview Dr,98332,1
97151,NA,47.3292908,-122.5789785,3025 Harborview Dr,98335,1
95817,TRUE,47.550984,-122.057823,1801 12th Ave NW,98027,1
95516,TRUE,47.30153207,-122.5769056,4709 Point Fosdick Dr NW,98335,1
94828,NA,47.436037,-122.296325,18613 International Blvd,98188,2
93581,TRUE,47.240392,-124.217215,4849 Pacific Ave,98562,1
92884,TRUE,47.612213,-122.198039,10628 Ne 2ND St,98004,1
92882,TRUE,47.10335,-119.251036,2380 S Maiers RD,98837,1
91855,NA,47.6527826,-117.4349173,1500 W 4th Ave,99201,1
91854,NA,47.635347,-122.137519,2752-2836 152nd Ave NE,98052,1
91853,NA,47.622309,-122.341952,400 Dexter Ave N,98109,1
91606,TRUE,46.213187,-119.286497,1106 N Jurupa St,99338,1
91046,TRUE,48.987053,-119.425912,299 Eastlake RD,98844,1
90932,TRUE,47.769459,-122.151217,19501 144th Ave Ne,98072,1
90722,TRUE,47.207984,-121.019499,3600 Suncadia TRL,98922,1
90714,TRUE,48.212441,-122.183491,3438 Stoluckquamish Lane,,1
90189,NA,48.927904,-122.648343,3063 Creasy Rd,98240,1
90188,TRUE,48.70558932,-119.4383716,209 N Whitcomb,98855,1
90187,NA,48.417791,-122.334633,105 E Kincaid St,98273,1
90185,,48.009356,-119.672953,1206 Columbia Ave,98813,1
90183,NA,47.812283,-122.540023,27618 Hansville Rd NE,98346,2
90182,NA,47.759386,-122.650992,21992 Viking Way NW,98370,2
90179,NA,47.702714,-122.334822,10049 Collget Way N,98133,1
90178,NA,47.6789249,-117.4343555,1504 W Northwest Blvd,99205,1
90176,NA,47.612639,-122.204672,10201 NE 4th St,98004,1
90175,NA,47.60692,-122.1987223,"7525 SE 4th Street, Suite 180",98040,1
90173,NA,47.6059528,-122.0373912,301 - 228th Avenue SE,98074,1
90171,NA,47.565076,-122.32205,4200 Airport Way S,98134,1
90170,NA,47.561305,-122.654061,200 Charleston Blvd,98312,1
90168,NA,47.538387,-122.293403,3001 S Myrtle St,98108,1
90167,NA,47.5363945,-122.2280594,7447 84th Ave SE,98040,1
90166,NA,47.531819,-120.300871,6151 US 97 Alternate,98801,1
90165,NA,47.520043,-122.344155,9200 8th Ave SW,98106,1
90164,NA,47.504354,-122.516213,10384 SE Sedgwick Rd,98366,2
90163,NA,47.463409,-120.331529,285 Technology Center Way,98801,1
90162,NA,47.440847,-122.213095,4109-4251 Talbot Rd S,98055,1
90160,NA,47.42101,-121.791179,19901 Cedar Falls Rd SE,98045,1
90150,NA,46.593176,-120.550383,2811 Tieton Dr,98902,1
90147,NA,46.3493393,-124.0535196,406 Oregon Ave S,98631,1
89174,TRUE,48.06217,-123.168319,303 Sunny View DR,98382,1
89098,TRUE,47.625675,-122.346886,500 5th Ave N,98109,1
88416,TRUE,47.17669,-122.2931,1515 S Meridian,98371,1
88346,TRUE,46.271849,-119.269167,486 Bradley BLVD,99352,1
88334,TRUE,47.625378,-122.344596,601 Roy St,98109,1
87966,TRUE,46.281294,-119.273452,1060 George Washington Wy,99352,1
86535,TRUE,47.862572,-121.976585,18805 Us-2,,1
86221,TRUE,47.661869,-122.315415,4501 12th Ave Ne,98105,1
86220,TRUE,47.642631,-117.537533,9015 W Hwy 2,99224,1
85491,TRUE,48.101579,-123.477119,334 Benson RD,98363,1
85379,TRUE,46.545331,-122.508967,186 Skyview DR,98564,1
84993,TRUE,47.617601,-122.193492,11010 Ne 8th St,98004,1
84906,TRUE,48.149618,-123.153648,630 Marine DR,98382,1
84770,TRUE,47.914774,-124.544249,473 Mora RD,98331,1
82691,TRUE,47.611844,-122.193618,200 110th Ave,98004,1
82672,TRUE,47.673676,-117.201827,15015 E Indiana Ave,99216,1
82592,TRUE,47.614141,-122.336357,620 Stewart St,98101,1
82585,TRUE,47.732864,-122.147196,14850 Ne 145th St,98072,1
82545,TRUE,47.622544,-122.333913,400 Fairview Ave N,98109,1
82406,TRUE,47.671225,-122.122192,7401 164th Ave Ne,98052,1
82360,TRUE,46.2960713,-119.4514867,55410 N Sunset RD,99320,1
82307,TRUE,46.859479,-124.108594,2858 S Forrest St,98595,1
82216,TRUE,47.098792,-119.996204,344 Silica RD NW,98848,1
82158,TRUE,47.610845,-122.347258,2100 Alaskan Way,98121,1
82146,TRUE,48.214249,-122.184142,3438 Stoluckquamish LN,98223,1
82030,TRUE,47.608043,-122.334072,411 University St,98101,1
81975,TRUE,47.6049041,-122.3361893,1000 1st Ave,98104,1
81936,TRUE,47.23853,-122.427213,2611 East E St,98421,1
81906,TRUE,47.610166,-122.335179,1415 5th Ave,98101,1
80705,NA,47.6699634,-122.3847489,"5621 22nd Avenue, NW",98107,1
80704,NA,47.652922,-118.150361,600 7th St,99122,1
80701,NA,47.614035,-122.201358,410 Bellevue Way NE,98004,1
80386,TRUE,48.990486,-122.774447,9565 Semiahmoo Pkwy,98230,1
80354,TRUE,48.116414,-123.255357,939 Finn Hall RD,98362,1
80298,TRUE,46.976679,-123.813485,416 Wishkah Street,98520,1
80193,TRUE,48.0396068,-122.4061314,201 Cascade Ave,98260,1
80079,TRUE,47.657247,-117.423946,808 W Sprague Ave,99201,1
80025,TRUE,47.656306,-117.423487,111 S Post St,99201,1
79988,TRUE,46.976918,-120.54162,1620 Canyon RD,98926,1
79910,TRUE,47.656578,-117.424414,10 S Post St,99201,1
79898,TRUE,47.4373126,-122.2876227,18525 36th Ave S,98188,1
79681,TRUE,48.041105,-122.410772,400 1st St.,98260,1
79584,TRUE,47.610335,-122.341261,100 Stewart St,98101,1
79356,TRUE,47.607651,-122.339418,99 Union St,98101,1
76267,TRUE,48.010776,-122.533294,5511 S Freeland Ave,98249,1
76266,NA,47.442921,-120.316235,River Park Ave E,98801,1
76264,TRUE,46.0679132,-118.3408991,6 W Rose St,99362,1
74995,NA,48.750634,-122.479315,1300 Commercial St,98225,1
74994,NA,48.7472802,-122.4762196,1220 North Forest Street,98225,1
74993,NA,48.537035,-121.758653,7503 N Superior,98237,1
74992,NA,47.6613903,-122.2992228,2623 NE 46th St,98105,1
73373,NA,48.64698,-118.737542,686 S Clark Ave,99166,1
73370,NA,47.429582,-120.315228,327 N Wenatchee Ave,98801,1
72693,NA,47.423003,-122.2989,2702 S 200th St,98188,1
72692,NA,47.3187106,-122.225391,1221 D St. NE,98002,1
71979,NA,46.731746,-117.157928,Johnson Hall 113,99164,1
71978,NA,47.6370392,-122.1991185,10600 NE 29th St,98004,1
71976,NA,47.558923,-122.65034,1400 Farragut Ave,98314,1
71974,NA,47.455189,-122.2388935,29210Naches Ave SW,98057,1
71973,NA,47.42094,-121.4113,519 SR 906,98068,2
71971,NA,47.2351706,-119.8538094,301 S Central Ave,98848,1
71970,TRUE,47.0276111,-122.9123291,2300 Evergreen Park Dr SW,98502,1
71968,NA,46.759919,-121.981984,54922 Kernahan Rd E,98304,1
71447,,47.5585224,-120.6759793,12790 Fish Hatchery Road,98801,1
71233,TRUE,48.3619191,-120.1211685,502 South Glover Street,98856,1
71128,TRUE,47.42310162,-121.412572,521 WA-906,98068,2
70799,NA,48.3911091,-122.4968374,100 Washington Ave,98257,1
69274,NA,47.677725,-122.182402,11845 NE 85th St,98033,2
69272,NA,47.034344,-122.89857,310 Maple Park Ave SE,98501,1
68712,NA,47.705984,-122.175747,11930 124th Ave NE,98034,1
67957,TRUE,48.788428,-122.487718,4051 Meridian St,98226,1
67956,TRUE,48.7542188,-122.4970047,1 Bellwether Way,98225,1
67951,NA,47.66159,-122.324877,300 NE 45th St,98105,1
67950,TRUE,47.6611436,-117.4139857,322 N Spokane Falls Ct,99201,1
67949,TRUE,47.6366599,-117.4775319,2010 S Assembly Rd,99224,1
67944,TRUE,47.400629,-122.296834,22406 Pacific Highway S,98198,1
67943,NA,47.231312,-122.501372,3510 S Mullen St,98409,1
67942,NA,47.225367,-122.47265,3639 S Pine St,98409,1
67941,TRUE,47.0389404,-122.8823223,1431 11th Ave SE,98501,1
67937,TRUE,46.7513819,-121.9371888,37515 SR 706 E,98304,1
67935,TRUE,46.7158367,-117.1666258,1190 SE Bishop Blvd,99163,1
67934,TRUE,46.2498321,-119.1147563,2525 N 20th Ave,99301,1
67933,TRUE,46.1778903,-119.189503,3715 Plaza Way,99338,1
67932,TRUE,46.0890194,-118.2782343,150 E Boeing,99362,1
65088,NA,47.906308,-122.237601,229 SW Everett Mall Way,98204,2
62862,TRUE,48.340694,-124.6628571,2726 Makah Passage,98357,1
62861,TRUE,48.3334725,-124.6593842,3346 Makah Passage,98357,1
62860,TRUE,48.1149208,-123.2683981,339 Finn Hall Rd,98362,1
62859,NA,48.112727,-123.255602,939 Finn Hall Rd,98362,1
62856,NA,47.7952972,-122.2115207,22232  17th Ave SE,98021,1
62854,NA,47.687214,-122.149213,9845  Willows Rd NE,98052,1
62853,TRUE,47.6634997,-117.412423,115 W North River Dr,99201,1
62852,NA,47.6633515,-122.0932594,6464  185th Ave NE,98052,1
62850,TRUE,47.6599508,-117.4172698,333 W Spokane Falls Blvd,99201,1
62848,NA,47.6309889,-117.5405336,8909 W Airport Dr,99224,1
62847,TRUE,47.6270468,-122.3149606,907 14th Ave E,98112,1
62846,NA,47.6232795,-122.354922,118  Republican St,98109,1
62844,NA,47.609576,-122.202297,10333 Main St,98004,1
62843,NA,47.610094,-122.322135,1229 Madison St,98104,1
62842,TRUE,47.6072003,-122.1888503,300 112th Ave SE,98004,2
62840,NA,47.577051,-122.1251642,16160 SE Eastgate Way,98008,1
62837,TRUE,47.47487,-120.376005,1611 Love Ln,98801,1
62836,TRUE,47.3471843,-123.0676404,10 E Alderbrook Ridge Dr,98592,1
62835,TRUE,47.3191626,-122.5869706,6675 Kimball Dr,98335,1
62834,TRUE,47.3138021,-122.3009753,32124 25th Ave S,98003,1
62831,TRUE,47.250577,-122.439947,1320 Broadway Plaza,98444,1
62819,TRUE,46.3348553,-124.0550737,4415 Pacific Way,98644,1
62818,NA,46.293801,-119.451333,55410 N Sunset Rd,99320,2
62817,TRUE,46.091946,-118.27159,760 C St,99362,1
62816,TRUE,46.087373,-118.226734,2014 Mill Creek Rd,99362,1
62815,TRUE,46.0161505,-118.3837849,3796 Peppers Bridge Rd,99362,1
62814,TRUE,46.01272,-118.370401,1704 J B George Rd,99362,1
60586,TRUE,48.4776387,-120.256696,604 Patterson Lake Rd.,98862,2
58137,TRUE,47.11859382,-118.3655582,1507 Bauman Street,99169,3
55326,TRUE,47.767185,-120.651658,19115 Chiwawa Loop Rd,98826,1
55325,NA,47.6690438,-117.4025938,508 E Sharp Ave,99202,1
55324,NA,47.624097,-122.3463653,570 Mercer St,98109,1
55323,NA,47.619399,-122.346696,101 Taylor Ave N,98109,1
55322,TRUE,46.1970777,-119.1615292,2811 W 10th Ave,99336,1
53763,NA,47.61675,-122.343295,588 Bell St,98121,1
52348,NA,47.61677938,-119.2876214,695 N 2nd St,99115,1
51965,TRUE,47.61679778,-119.2877708,9701 US Highway 2 East,99115,1
50867,NA,48.5006578,-122.6159562,1211 24th Street,98221,1
49529,TRUE,46.7150146,-122.9543406,202 S Tower Ave,98531,1
49269,NA,47.6138606,-122.1815973,457 120th Ave NE,98005,1
49268,NA,47.2768641,-122.2134697,"4111 ""A"" Street SE",98002,1
48662,NA,48.989751,-122.773271,9565 Semiahmoo Pkwy,98230,1
48661,NA,48.120933,-123.434437,220 N Oak St,98362,2
48660,NA,48.11612,-122.751489,431 Water St,98368,1
48659,NA,48.113018,-122.760544,1220 Water St,98368,1
48658,NA,48.103061,-122.794143,1531 W Sims Way,98368,1
48657,NA,48.102409,-122.80229,2219 W Sims Way,98368,1
48652,NA,47.519113,-121.841787,37500 SE N Bend,98065,1
48651,NA,47.47015,-122.218765,101 SW Grady Way,98057,1
47821,NA,48.079897,-123.098996,216 E Washington St,98382,1
45355,,47.03956,-122.93788,2905 Capitol Mall Dr SW,98502,1
44960,NA,47.6250925,-117.5395602,9000 W Airport Dr,99224,1
44959,NA,47.611805,-122.18618,11505 NE 2nd Pl,98004,1
42693,NA,47.711268,-121.360495,148 5th Street N,98288,2
42692,NA,47.708347,-122.322015,525 NE Northgate Way,98125,1
42257,TRUE,46.99418735,-120.5491805,250 W 3rd Ave,98926,2
42166,TRUE,46.8820712,-124.1116406,617 S South Forrest Street,98595,1
41598,,47.437595,-122.28737,18525 36th Ave South,,1
41530,NA,47.712571,-122.571999,15347 Suquamish Way NE,98392,1
40990,NA,47.872727,-122.129049,8915 Cathcart Way,98296,1
40972,NA,47.6695961,-122.3744615,1400 NW 56th St,98107,1
40971,NA,47.664356,-122.283034,4800 Sand Point Way NE Seattle WA 98105,98105,1
40965,NA,47.6337033,-122.3258366,1551 Eastlake Ave E,98102,1
40950,NA,47.6126,-122.3347,600 Pine St,98101,1
40940,NA,47.6067371,-122.3355595,1111 3rd Ave,98101,1
40886,NA,46.979315,-122.914031,1430 Retsil Rd,98366,1
40885,NA,46.761214,-122.040397,Highway 706 E,98397,1
30560,NA,47.890423,-122.286971,11700 Mukilteo Speedway,98275,1
30536,TRUE,47.64895541,-120.0711,215 N Chelan Ave,98858,3
30535,TRUE,47.8357,-120.07027,3155 US 97 Alternate,98816,3
30323,,48.9951,-122.75161,699 Peace Portal Drive,98230,1
30318,,48.53306,-123.01929,410 Spring Street,98250,1
30314,,48.00978851,-122.5176773,1804 Scott Rd,98249,1
30313,TRUE,47.88127,-122.22382,600 128th Street SW,98204,1
30312,,47.817153,-122.319774,20006 64th Ave W,98036,1
30311,,47.70774841,-122.5833511,16285 Washington 305,98370,1
30310,,47.67575,-122.20297,308 Kirkland Ave,98033,1
30309,,47.61586906,-122.3371978,2001 West 8th,98121,1
30308,TRUE,47.58893,-120.67332,505 Highway 2,98826,1
30307,,47.444898,-122.217616,3820 East Valley Road,98057,1
30305,,47.01193,-120.20107,25905 Vantage Hwy,98926,1
30304,,46.89063,-123.71437,893 U.S. Hwy 101,98537,1
30302,,46.32117,-124.00618,1509 U.S. Route 101,98624,1
29823,NA,48.791487,-122.4923624,315 Westerly Road,98226,1
29822,TRUE,48.783251,-122.483918,151 E McLeod Rd,98226,1
29820,NA,48.4942876,-122.4808798,10441 Bayview-Edison Road,98273,1
29819,NA,48.437569,-122.3254938,1800 Continental Pl,98273,2
29818,NA,48.2880655,-122.6482236,1270 SE Dock St,98277,2
29815,NA,47.864699,-122.138672,6705 Puget Park Dr,98296,1
29814,NA,47.854953,-121.696212,600 Orchard Ave,98251,1
29809,NA,47.8043649,-122.3341629,21601 76th Ave. West,98026,2
29808,NA,47.7911263,-122.366066,9803 Edmonds Way,98020,2
29804,NA,47.731273,-122.293062,14027 Lake City Way NE,98125,1
29802,NA,47.721254,-122.340924,12600 Stone Ave N,98133,1
29801,NA,47.7144349,-122.1793989,12039 NE 128th St,98034,1
29797,NA,47.699613,-122.341922,1300 N 97th St,98103,1
29794,NA,47.6784759,-122.2068063,123 5th Ave,98033,2
29791,NA,47.6595352,-122.3425815,4301 Stone Way N,98103,1
29789,NA,47.6584089,-122.3183925,4225 Roosevelt Way NE,98105,1
29786,NA,47.644759,-122.199166,10610 NE 38th Pl,98033,1
29785,NA,47.6434463,-122.2039041,10210 NE Points Dr,98033,1
29784,NA,47.6382693,-122.1912938,3100 Northup Way,98004,1
29783,NA,47.63811493,-122.1882,2901 115th Ave NE,98004,1
29776,NA,47.62313,-122.3314419,1250-1282 Republican St,98109,1
29775,,47.622085,-122.347124,516 Harrison St,98109,1
29774,NA,47.617784,-122.121908,999 164th Ave NE,98008,1
29772,NA,47.619749,-122.196969,10710 NE 10th St,98004,1
29768,NA,47.6165569,-122.1537017,647 140th Ave NE,98005,1
29767,NA,47.6164637,-122.3305049,1100 Olive Way,98101,1
29764,NA,47.6138831,-122.3394055,2121 6th Ave,98121,1
29763,NA,47.614911,-122.3144085,1525 14th Ave,98122,1
29758,NA,47.6059837,-122.3387451,1200 Western Ave,98101,1
29755,NA,47.597293,-122.188069,1300 114th Ave SE,98004,2
29754,NA,47.594042,-122.317179,805 S Charles St,98134,1
29753,NA,47.5866676,-122.2340887,7707 SE 27th St,98040,1
29751,NA,47.582934,-122.323106,2203 Airport Way S,98134,1
29750,NA,47.582366,-122.135279,15395 SE 30th Pl,98007,2
29749,NA,47.581818,-122.154091,3180 139th Ave SE,98005,2
29748,NA,47.57952,-122.321401,2700 Airport Way S,98134,1
29747,NA,47.571399,-122.330911,225 S Spokane St,98134,1
29746,NA,47.565149,-122.353024,4209 W Marginal Way SW,98106,1
29745,NA,47.563713,-122.625418,60 Washington Ave,98337,2
29744,NA,47.557801,-122.675335,501 W Hills Blvd,98312,1
29743,NA,47.5500374,-122.05793,1775 12th Ave NW,98027,1
29741,NA,47.5448747,-122.019768,9th Ave NE,98027,1
29736,NA,47.4847291,-122.1774112,781 Monroe Ave NE,98056,1
29735,NA,47.483635,-122.170748,3555 NE 2nd St,98056,1
29733,NA,47.474537,-122.204976,1055 S Grady Way,98057,1
29732,NA,47.44851,-120.331437,1730 N Wenatchee Ave,98801,1
29730,TRUE,47.4249435,-120.3078886,8 N Worthen Ave,98801,1
29728,TRUE,47.40051863,-120.2800153,555 3rd St SE,98802,2
29727,NA,47.3038902,-122.5209427,Five Mile Dr,98407,2
29726,NA,47.3018999,-122.5795417,4928 Point Fosdick Dr NW,98335,1
29722,NA,47.2592999,-122.4342402,326 E D St,98421,1
29721,NA,47.254354,-122.439616,923 Commerce St,98402,1
29720,NA,47.253668,-122.446141,930 Tacoma Ave S,98402,1
29716,NA,47.2459335,-122.4339797,1801 Dock St,98402,1
29713,NA,47.2269249,-122.4752808,3001 S 36th St,98409,2
29712,NA,47.244104,-122.383139,1403 34th Ave E,98424,1
29709,NA,47.1293765,-119.2791367,306 Ash Street,98837,1
29708,NA,47.1282303,-123.1032689,Salish Cliffs Dr,98584,1
29707,TRUE,47.1167458,-118.3677762,105 W Galbreath Way,99169,1
29705,NA,47.056479,-122.762767,8333 Martin Way East,98516,1
29704,NA,47.0448924,-122.8953042,601 4th Ave E,98501,1
29703,NA,47.0433044,-122.8629684,2711 Pacific Ave SE,98501,1
29702,NA,47.0408639,-122.8915832,900 Plum St SE,98501,1
29698,TRUE,46.9768472,-120.54101,1620 Canyon Rd,98926,5
29687,NA,46.590246,-120.500687,1010 S 1st St,98901,1
29682,NA,46.2601764,-119.2808141,1201-1299 Aaron Dr,99352,1
29681,NA,46.213233,-119.162367,3020 W Clearwater Ave,99336,1
29680,NA,46.1419219,-122.9401915,1810 Maple Street,98632,1
29677,NA,46.051228,-122.301754,16835 Lewis River Rd,98616,1
24665,TRUE,47.84120086,-120.0173398,"137 E Johnson AVE,",98816,1
24653,TRUE,47.69200195,-121.8792209,10528 344th Ave NE,98014,1
22232,TRUE,47.61947,-122.338948,101 Westlake Ave N,98109,1
21816,TRUE,47.58043616,-122.3350276,2401 Utah Ave South,98134,1
21353,NA,47.620091,-122.319741,215 10th ave E,98102,1
21233,TRUE,47.75796408,-120.7408619,15361 US 2,98826,1
21087,TRUE,48.05210946,-119.9023712,233 Lakeshore Drive,98846,4
20043,TRUE,48.59471189,-120.4049957,15 Country Road,98833,2
19864,TRUE,47.84020208,-120.0196266,104 E Woodin Avenue,98816,1
19863,TRUE,48.42156122,-119.5036232,912 Koala Drive,98841,1
19718,TRUE,48.47666965,-120.1797009,316 Castle Ave,98862,1
18993,TRUE,48.05093,-122.69102,7180 Flagler Road,98358,1
18696,TRUE,46.729732,-122.977454,1200 Lum Rd ,98531,1
18695,TRUE,48.509771,-122.338627,9384 Old Highway 99,98233,1
18676,NA,47.299454,-122.575998,4709 Point Fosdick Dr NW,98335,2
18562,TRUE,48.09367,-122.81332,83 Denny Ave,98368,1
17111,NA,47.547047,-122.063633,1500 18th Ave NW,98027,2
17033,TRUE,48.07991,-123.10577,224 W. Washington St,98382,1
16903,TRUE,48.770627,-122.448807,3005 Cinema Place,98226,1
16115,TRUE,47.427765,-120.312296,200 N Columbia St,98801,2
16114,TRUE,47.595491,-120.66433,700 US Highway 2,98226,2
16113,TRUE,48.455509,-122.340923,448 Fashion Way,98233,2
16112,TRUE,48.7311539,-122.471175,222 36th Street,98225,2
13981,NA,47.868914,-121.987449,14405 179th Ave SE,98272,2
13913,NA,47.808371,-122.208706,20812 Bothell-Everett Hwy,98201,2
13896,NA,47.2391586,-122.4975967,2502 South Tyler Street,98405,2
13895,NA,47.604906,-122.330278,700 5th Ave,98124,2
13679,,47.15546417,-122.2814713,1007 39th Ave,98374,2
13678,,47.54508591,-122.3086014,6500 Ursula Place South,98108,2
13677,,47.756234,-122.313048,17518 15th Ave NE,98155,1
13676,,47.480555,-122.217987,275 Rainer Ave S,98056,1
13674,,47.358799,-122.164824,27112 132nd Ave SE,98042,1
13673,,47.5024975,-122.1780033,3011 NE Sunset Blvd,98056,1
13672,,47.935727,-122.218396,6807 Evergreen Way,98203,1
13671,,47.488276,-122.163701,4105 NE 4th St,98059,1
13670,,47.863147,-122.141511,6705 Puget Park Drive,98296,1
12909,TRUE,46.276112,-122.910257,204 W. Cowlitz Drive,98611,2
12903,,47.5944723,-122.6294606,3333 Wheaton Way,98310,1
12901,,47.2136032,-122.5366189,7451 Crique Dr W,98467,1
12900,,47.171582,-122.517619,9505 Bridgeport Way SW,98499,1
12898,,48.508154,-122.611842,909 17th Street,98221,1
12897,,47.147143,-122.433631,12105 Pacific Ave,98444,1
12896,,47.1809341,-122.4340492,8405 Pacific Ave,98444,1
12895,,47.20619,-122.434402,5602 Pacific Ave,98408,1
11692,TRUE,48.7562003,-122.4556561,1410 Iowa Street,98229,1
11592,,48.926595,-122.645917,"Exit 269, Southbound I-5",98240,1
11573,,46.725431,-122.974423,817 Harrison Ave,98531,2
11570,,47.862059,-121.814826,320 Main Street,98294,2
9819,,47.142555,-123.093073,130 SE Lynch Road,98584,1
9817,,47.42421,-122.25665,19802 62nd Ave S,98032,2
9816,,48.10173035,-122.1826859,3713 116th St NE,98271,2
9765,,47.27466202,-122.4667664,2216 N 30th St,98407,2
9679,,47.5454644,-122.3764202,6330 35th Ave SW,98126,1
9678,,47.6680579,-122.3762063,5409 15th Ave NW,98107,1
9677,,47.6906401,-122.3767497,8500 15th Ave NW,98117,1
9676,,47.517917,-122.354531,9456 16th Ave SW,98106,1
9675,,47.659544,-122.368454,915 NW 45th St,,1
9673,,47.70818,-122.318251,859 NE Northgate Way,98125,1
9672,,47.810806,-122.322906,20725 Hwy 99,98036,1
9671,TRUE,48.39920044,-122.3335037,306 Anderson Rd,98273,2
9670,,47.386358,-122.205952,10201 SE 240th St,98030,1
9443,,47.59001541,-122.2285461,8236 SE 24TH STREET,98040,2
9442,,47.57238007,-122.2232132,4120 86TH AVE. SE,96164,2
9441,,47.57726669,-122.2098236,9611 SE 36TH STREET,98040,2
9108,,47.22884,-122.4691,2401 South 35th St,98409,1
9107,,47.44470215,-122.2145004,4033 Talbot Rd S,98055,2
9106,,47.44296646,-122.2127228,400 S 43rd ST,98058,2
9104,,47.60159302,-122.036705,801 228th Ave SE,98075,2
8971,,47.56883621,-122.1452942,14509 SE Newport Way,98006,2
8970,,47.61823273,-122.1225052,999 164th Ave NE,98008,2
8723,,46.99416733,-120.5491791,207 N Main St,98926,2
8703,,47.54298,-122.06151,1575 NW Maple St,98027,2
8661,,47.43399429,-122.2731323,4800 S 188th St,98188,2
8400,,47.593117,-122.32609,1045 6th Avenue South,98134,1
8387,,47.07155,-122.97367,2700 Evergreen Parkway NW,98505,2
8376,,47.03429,-122.94066,1313 Cooper Point Rd SW,98502,1
8356,,47.04715,-122.8463,3480 Martin Way E,98501,1
8352,,47.04374,-122.82242,500 College Street SE,98503,1
8339,,47.2263031,-122.535675,3610 Drexler Drive W,98466,2
8338,,47.22778,-122.48462,3628 S 35th St,98409,2
8336,,47.22195816,-122.4785233,3130 South 38th St.,98409,2
8335,,48.75574,-122.45412,1516 Iowa St,98229,1
8334,,47.81116867,-122.3773117,121 5th Ave N,98020,2
8332,,47.47004,-122.33891,14900 4th Ave SW,98166,2
8331,,47.45826,-122.3331,16042 First Avenue South,98148,1
8328,TRUE,47.58038508,-122.3347628,2401 Utah Ave S,98134,1
8327,,47.69737244,-122.3431473,1140 N. 94th Street,98103,2
8326,,47.61578751,-122.3334198,1823 Terry Ave,98101,2
8325,,47.59785,-122.32814,"505 Fifth Ave S, Suite 900",98104,1
8324,,47.77816,-122.34482,24325 Highway 99,98026,1
8323,,47.58076859,-122.3232574,2450 8th Ave S,98134,2
8322,,47.59586,-122.31606,1200 S Dearborn St,98144,1
8321,,47.44259,-122.29596,17801 Pacific Hwy,98158,1
8320,,47.4375,-122.22374,3401 E Valley Hwy S.,98058,1
8319,,47.73120117,-122.2499847,14500 JUANITA DR NE,98028,2
8318,,47.9028,-122.24702,10500 Highway 99 S,98204,2
8317,,47.4985,-122.20449,810 North 10th Pl,98057,1
8316,,47.66917801,-122.1977921,787 6th Street South,98033,2
8315,,47.61722,-122.18371,11815 NE 8TH St,98005,1
8314,,47.97751,-122.20465,3000 Oakes Ave,98201,2
8313,,47.6397171,-122.1328049,15590 NE 31st Street,98052,2
8312,,47.64388275,-122.1285019,3801 159th Ave NE,98052,2
8310,,47.54448318,-122.0180893,970 NE High St,98029,2
8304,,46.59223,-120.50259,910 S 1ST St,98901,1
8301,,46.31281,-119.97607,61 E Allen Rd,98944,1
8300,,46.23669,-119.12974,928 N 28th Avenue,99301,1
8291,,47.67335,-117.38881,1411 East Mission Avenue,99252,1
6674,,47.97725,-122.206369,3000 Rockefeller Ave,98201,3
5842,TRUE,47.00536784,-120.5931473,NA,,1
5841,TRUE,47.00431428,-120.5429363,1200 N D. Street,,1
5840,TRUE,46.99828518,-120.5347824,NA,,1
5839,TRUE,47.12154138,-118.3653259,NA,,1
5838,TRUE,47.65694737,-117.4243641,NA,,1
5799,TRUE,46.27151211,-119.2030334,NA,,1
5798,TRUE,46.72668313,-122.9739189,NA,,1
5797,TRUE,46.9727564,-120.191803,NA,,1
5795,TRUE,47.62375227,-122.3387718,NA,,1
5794,TRUE,48.84836611,-122.5741625,NA,,1
5610,,46.9546126,-123.7694889,893 U.S. Hwy 101,98537,1
5006,,47.614105,-122.194486,10900 NE 4th St,98004,2
5005,,47.615846,-122.196881,601 108th Ave NE,98004,2
4699,,46.047464,-118.353406,1395 Dalles Military Rd,99362,2
4697,,47.21978,-122.48576,4030 S Tacoma Way,98409,2
4696,TRUE,47.65735433,-117.3121747,6901 E Sprague Ave,99212,2
4695,,47.739021,-117.409937,9000 N Division St,99218,2
4693,,47.448354,-122.2188,3401 E Valley Rd,98058,2
4691,,47.207367,-122.294997,101 Valley Ave NW,98371,2
4690,,48.102863,-123.342273,53 Jetta Way,98362,2
4689,,46.236607,-119.128998,928 N 28th Ave,99301,2
4688,,47.031067,-122.930247,2220 Carriage Dr SW,98502,2
4685,,47.90272982,-122.2469884,10500 Highway 99 S,98204,2
4684,,47.77861,-122.346196,24325 Highway 99,98026,2
4682,,47.458466,-122.333257,16042 1st Ave S,98148,2
4681,,47.562162,-122.684286,5101 Auto Center Blvd,98312,2
4680,,48.755607,-122.454132,1516 Iowa St,98229,3
4678,,47.338754,-122.221114,713 35th St NE,98002,2
4567,TRUE,47.5928923,-122.3261769,1045 6th Ave South,98134,1
4349,,47.61705102,-122.2030207,10201-10399 NE 8th St,98004,2
4323,,47.733788,-122.146893,14580 NE 145th St,98072,2
4313,,47.6723594,-122.0990339,18080 NE 76th St,98052,2
4308,,47.615626,-122.205745,600 100th Pl NE,98004,2
4306,TRUE,47.6792243,-122.1299498,15670 NE 85th St,98052,2
4302,,47.7413216,-121.9840469,15600 1st Ave NE,98019,2
4301,TRUE,48.45526389,-122.3409069,George Hopper Rd & Interstate 5,98233,2
4043,,47.675897,-122.091237,18655 NE Union Hill Rd,98052,2
3631,NA,47.977222,-122.204722,OAKES AVE,98201,1
3630,NA,47.757778,-122.190556,NE 180TH ST ,98011,1
3629,NA,47.238056,-122.426111,E 27th Street,98421,1
3627,NA,47.2197,-122.4857,4030 South Tacoma Way,98409,1
3626,NA,47.031,-122.9298,2220 Carriage Drive Southwest,98502,1
3616,NA,47.75436401,-122.074501,17401 198th Ave NE,98077,1
3615,NA,47.61480331,-122.193222,450 110th Ave NE,98004,1
3557,NA,47.4482,-122.219,3401 East Valley Road,98057,1
3550,NA,47.672273,-122.098,18080 NE 76th St.,98052,1
3549,NA,47.679,-122.13,15670 NE 85th St.,98052,1
3540,NA,46.2359,-119.127982,928 North 28th Avenue,99301,1
3502,NA,47.778,-122.346,24325 Highway 99,98026,1
3491,NA,47.3384,-122.22,713 35th Street,98002,1
3485,NA,47.2197,-122.4857,4030 South Tacoma Way,98409,0
3484,NA,47.031,-122.9298,2220 Carriage Drive Southwest,98502,0
3474,NA,47.75436401,-122.074501,17401 198th Ave NE,98077,0
3473,NA,47.61480331,-122.193222,450 110th Ave NE,98004,0
3416,NA,47.4482,-122.219,3401 East Valley Road,98057,0
3409,NA,47.672273,-122.098,18080 NE 76th St.,98052,0
3408,NA,47.679,-122.13,15670 NE 85th St.,98052,0
3399,NA,46.2359,-119.127982,928 North 28th Avenue,99301,0
3361,NA,47.778,-122.346,24325 Highway 99,98026,0
3350,NA,47.3384,-122.22,713 35th Street,98002,0
3094,,46.984193,-122.904856,243 Israel Rd SE,98501,1
3087,,47.045792,-122.933675,2611 Harrison Ave NW,98502,1
3085,,47.045903,-122.903434,210 State Ave NW,98501,1
3082,,47.056888,-122.841752,700 Lilly Rd,98506,1
3081,,47.04578,-122.871901,2023 4th Ave E,98501,1
2968,,47.707951,-122.583252,16285 Washington 305,98370,3
2967,,48.5250015,-122.9152985,162 Weeks Rd,98261,3
2965,,48.6950989,-122.9040985,469 Market St,98245,3
2909,,47.654998,-117.425025,159 S Lincoln St,99201,2
2908,,47.673347,-117.388933,1411 E Mission Ave,99252,2
2878,,47.035421,-122.938962,1313 Cooper Point Rd SW,98502,1
2799,,47.443377,-122.296229,17801 Pacific Hwy S,98188,1
2734,,47.04389,-122.823,500 College St SE,98503,1
